{
    "dataset_split": {
        "train_size": 9,
        "validation_size": 3,
        "test_size": 3
    },
    "cross_validation": {
        "scores": [
            0.5,
            0.5,
            0.5,
            0.5,
            1.0
        ],
        "mean_score": 0.6,
        "std_score": 0.2
    },
    "validation_score": 0.3333333333333333,
    "test_performance": {
        "accuracy": 0.3333333333333333,
        "avg_prediction_time": 0.0008501211802164713,
        "max_prediction_time": 0.0010492801666259766,
        "min_prediction_time": 0.0007350444793701172
    }
}